id,name,email,gender
1,Aubree,agoode0@weibo.com,Female
2,Dukie,dbunn1@typepad.com,Male
3,Crosby,cwishart2@flavors.me,Agender
4,Malissia,msapena3@dell.com,Female
5,Bonnee,bapplegarth4@tinyurl.com,Female
6,Carmela,cschultz5@rediff.com,Genderqueer
7,Reggie,rcalloway6@liveinternet.ru,Agender
8,Tammie,tgreenough7@nhs.uk,Male
9,Dodie,dtippell8@bbb.org,Female
10,Solly,sbroadstock9@issuu.com,Male
11,Farrah,forpynea@imdb.com,Female
12,Tiffany,tnisetb@ifeng.com,Female
13,Barry,bstampsc@1und1.de,Polygender
14,Glori,galekhovd@squarespace.com,Non-binary
15,Chevalier,cziemene@seesaa.net,Male
16,Prue,pgonzalof@ebay.co.uk,Female
17,Shandeigh,sholdeg@elpais.com,Female
18,Dimitri,dcalenderh@marriott.com,Male
19,Ulric,uduffi@sohu.com,Male
20,Ira,iharcarsej@go.com,Male
21,Darius,dcubbitk@purevolume.com,Male
22,Rasla,rlutasl@sun.com,Female
23,Winfield,wchitsonm@microsoft.com,Male
24,Michal,mdelucian@oakley.com,Female
25,Grenville,gbengalo@issuu.com,Male
26,Zeb,zmountainp@phoca.cz,Male
27,Hyacinthie,hkeavesq@mediafire.com,Female
28,Alejandra,ajendruschr@dailymail.co.uk,Female
29,Neddy,nsilverstons@mac.com,Male
30,Dew,demmanuelt@independent.co.uk,Male
31,Cathyleen,cprimmeru@bbc.co.uk,Female
32,Kalvin,kbrunsdenv@sohu.com,Male
33,Garth,grobkenw@wufoo.com,Bigender
34,Abran,asharpx@hatena.ne.jp,Male
35,Ab,ajoraty@cafepress.com,Male
36,Abbe,askirvingz@jugem.jp,Female
37,Richmond,raveries10@squidoo.com,Male
38,Con,cwickwarth11@illinois.edu,Male
39,Joannes,jkelsow12@pagesperso-orange.fr,Bigender
40,Jereme,jwrightson13@hao123.com,Male
41,Maybelle,mstennes14@technorati.com,Female
42,Marita,mronnay15@noaa.gov,Female
43,Teddie,tharling16@about.com,Male
44,Emogene,eparvin17@wikispaces.com,Female
45,Maible,msegrott18@ucla.edu,Female
46,Nana,nleeming19@nature.com,Female
47,Melinda,mtellwright1a@redcross.org,Female
48,Roarke,rzoren1b@desdev.cn,Male
49,Vinita,vkull1c@seesaa.net,Female
50,Shina,sparis1d@amazon.co.jp,Female
